{
  "Antakalnis": "Antakalnis",
  "Antakalnio seniūnija": "Antakalnis",
  "Bajorai": "Bajorai",
  "Baltupiai": "Baltupiai",
  "Fabijoniškės": "Fabijoniškės",
  "Fabijoniškių seniūnija": "Fabijoniškės",
  "Jeruzalė": "Jeruzalė",
  "Justiniškės": "Justiniškės",
  "Justiniškių seniūnija": "Justiniškės",
  "Karoliniškės": "Karoliniškės",
  "Karoliniškių seniūnija": "Karoliniškės",
  "Lazdynai": "Lazdynai",
  "Lazdynų seniūnija": "Lazdynai",
  "Lazdynėliai": "Lazdynėliai",
  "Markučiai": "Markučiai",
  "Naujamiestis": "Naujamiestis",
  "Naujamiesčio seniūnija": "Naujamiestis",
  "Naujininkai": "Naujininkai",
  "Naujininkų seniūnija": "Naujininkai",
  "Naujoji Vilnia": "Naujoji Vilnia",
  "Naujosios Vilnios seniūnija": "Naujoji Vilnia",
  "Paupys": "Paupys",
  "Pašilaičiai": "Pašilaičiai",
  "Pašilaičių seniūnija": "Pašilaičiai",
  "Pilaitė": "Pilaitė",
  "Pilaitės seniūnija": "Pilaitė",
  "Rasų seniūnija": "Markučiai",
  "Santariškės": "Santariškės",
  "Senamiestis": "Senamiestis",
  "Senamiesčio seniūnija": "Senamiestis",
  "Užupis": "Užupis",
  "Verkių seniūnija": "Baltupiai",
  "Vilkpėdė": "Vilkpėdė",
  "Vilkpėdės seniūnija": "Vilkpėdė",
  "Viršuliškės": "Viršuliškės",
  "Viršuliškių seniūnija": "Viršuliškės",
  "Šeškinė": "Šeškinė",
  "Šeškinės seniūnija": "Šeškinė",
  "Šiaurės miestelis": "Šiaurės miestelis",
  "Šnipiškės": "Šnipiškės",
  "Šnipiškių seniūnija": "Šnipiškės",
  "Žirmūnai": "Žirmūnai",
  "Žirmūnų seniūnija": "Žirmūnai",
  "Žvėrynas": "Žvėrynas",
  "Žvėryno seniūnija": "Žvėrynas"
}
